country	countryLabel	countryAltLabel
http://www.wikidata.org/entity/Q258	Zuid-Afrika	ZAF
http://www.wikidata.org/entity/Q258	Zuid-Afrika	republiek Zuid Afrika
http://www.wikidata.org/entity/Q258	Zuid-Afrika	ZA
http://www.wikidata.org/entity/Q258	Zuid-Afrika	Zuid Afrika
http://www.wikidata.org/entity/Q16	Canada	CAN
http://www.wikidata.org/entity/Q16	Canada	CA
http://www.wikidata.org/entity/Q218	RoemeniÃ«	ROU
http://www.wikidata.org/entity/Q218	RoemeniÃ«	RO
http://www.wikidata.org/entity/Q218	RoemeniÃ«	Roemenie
http://www.wikidata.org/entity/Q219	Bulgarije	BG
http://www.wikidata.org/entity/Q219	Bulgarije	BGR
http://www.wikidata.org/entity/Q262	Algerije	DZA
http://www.wikidata.org/entity/Q262	Algerije	DZ
http://www.wikidata.org/entity/Q262	Algerije	Democratische Volksrepubliek Algerije
http://www.wikidata.org/entity/Q265	Oezbekistan	UZ
http://www.wikidata.org/entity/Q219	Bulgarije	Republiek Bulgarije
http://www.wikidata.org/entity/Q222	AlbaniÃ«	ALB
http://www.wikidata.org/entity/Q17	Japan	JP
http://www.wikidata.org/entity/Q17	Japan	JPN
http://www.wikidata.org/entity/Q222	AlbaniÃ«	AL
http://www.wikidata.org/entity/Q222	AlbaniÃ«	Albanie
http://www.wikidata.org/entity/Q265	Oezbekistan	UZB
http://www.wikidata.org/entity/Q20	Noorwegen	NO
http://www.wikidata.org/entity/Q227	Azerbeidzjan	AZ
http://www.wikidata.org/entity/Q224	KroatiÃ«	HR
http://www.wikidata.org/entity/Q224	KroatiÃ«	HRV
http://www.wikidata.org/entity/Q224	KroatiÃ«	Kroatie
http://www.wikidata.org/entity/Q224	KroatiÃ«	Republiek KroatiÃ«
http://www.wikidata.org/entity/Q347	Liechtenstein	LI
http://www.wikidata.org/entity/Q347	Liechtenstein	LIE
http://www.wikidata.org/entity/Q20	Noorwegen	NOR
http://www.wikidata.org/entity/Q227	Azerbeidzjan	AZE
http://www.wikidata.org/entity/Q228	Andorra	AND
http://www.wikidata.org/entity/Q228	Andorra	AD
http://www.wikidata.org/entity/Q298	Chili	CHL
http://www.wikidata.org/entity/Q298	Chili	CL
http://www.wikidata.org/entity/Q334	Singapore	SG
http://www.wikidata.org/entity/Q334	Singapore	SGP
http://www.wikidata.org/entity/Q229	Cyprus	CY
http://www.wikidata.org/entity/Q229	Cyprus	CYP
http://www.wikidata.org/entity/Q232	Kazachstan	KZ
http://www.wikidata.org/entity/Q232	Kazachstan	KAZ
http://www.wikidata.org/entity/Q399	ArmeniÃ«	ARM
http://www.wikidata.org/entity/Q399	ArmeniÃ«	Armenie
http://www.wikidata.org/entity/Q408	AustraliÃ«	Australie
http://www.wikidata.org/entity/Q408	AustraliÃ«	AU
http://www.wikidata.org/entity/Q408	AustraliÃ«	AUS
http://www.wikidata.org/entity/Q241	Cuba	CUB
http://www.wikidata.org/entity/Q252	IndonesiÃ«	ID
http://www.wikidata.org/entity/Q27	Ierland	IRL
http://www.wikidata.org/entity/Q398	Bahrein	BH
http://www.wikidata.org/entity/Q398	Bahrein	BHR
http://www.wikidata.org/entity/Q398	Bahrein	Koninkrijk Bahrein
http://www.wikidata.org/entity/Q399	ArmeniÃ«	AM
http://www.wikidata.org/entity/Q419	Peru	PE
http://www.wikidata.org/entity/Q419	Peru	PER
http://www.wikidata.org/entity/Q423	Noord-Korea	KP
http://www.wikidata.org/entity/Q423	Noord-Korea	PRK
http://www.wikidata.org/entity/Q28	Hongarije	HU
http://www.wikidata.org/entity/Q232	Kazachstan	Qazaqstan
http://www.wikidata.org/entity/Q27	Ierland	Ã‰ire
http://www.wikidata.org/entity/Q27	Ierland	IE
http://www.wikidata.org/entity/Q27	Ierland	Republic of Ireland
http://www.wikidata.org/entity/Q27	Ierland	Republiek Ierland
http://www.wikidata.org/entity/Q424	Cambodja	KH
http://www.wikidata.org/entity/Q424	Cambodja	KHM
http://www.wikidata.org/entity/Q574	Oost-Timor	TL
http://www.wikidata.org/entity/Q574	Oost-Timor	TLS
http://www.wikidata.org/entity/Q408	AustraliÃ«	Gemenebest AustraliÃ«
http://www.wikidata.org/entity/Q408	AustraliÃ«	Nova Hollandia
http://www.wikidata.org/entity/Q414	ArgentiniÃ«	AR
http://www.wikidata.org/entity/Q664	Nieuw-Zeeland	Aotearoa
http://www.wikidata.org/entity/Q664	Nieuw-Zeeland	Nieuw Zeeland
http://www.wikidata.org/entity/Q664	Nieuw-Zeeland	NZ
http://www.wikidata.org/entity/Q664	Nieuw-Zeeland	NZL
http://www.wikidata.org/entity/Q414	ArgentiniÃ«	ARG
http://www.wikidata.org/entity/Q414	ArgentiniÃ«	Argentinie
http://www.wikidata.org/entity/Q672	Tuvalu	TV
http://www.wikidata.org/entity/Q672	Tuvalu	TUV
http://www.wikidata.org/entity/Q683	Samoa	WS
http://www.wikidata.org/entity/Q683	Samoa	WSM
http://www.wikidata.org/entity/Q685	Salomonseilanden	SLB
http://www.wikidata.org/entity/Q685	Salomonseilanden	SB
http://www.wikidata.org/entity/Q252	IndonesiÃ«	IDN
http://www.wikidata.org/entity/Q252	IndonesiÃ«	Indonesie
http://www.wikidata.org/entity/Q252	IndonesiÃ«	Republik Indonesia
http://www.wikidata.org/entity/Q34020	Niue	NIU
http://www.wikidata.org/entity/Q34020	Niue	NU
http://www.wikidata.org/entity/Q657	Tsjaad	TD
http://www.wikidata.org/entity/Q657	Tsjaad	TCD
http://www.wikidata.org/entity/Q657	Tsjaad	Republiek Tsjaad
http://www.wikidata.org/entity/Q686	Vanuatu	VU
http://www.wikidata.org/entity/Q686	Vanuatu	VUT
http://www.wikidata.org/entity/Q691	Papoea-Nieuw-Guinea	PG
http://www.wikidata.org/entity/Q691	Papoea-Nieuw-Guinea	PNG
http://www.wikidata.org/entity/Q30	Verenigde Staten van Amerika	Amerika
http://www.wikidata.org/entity/Q30	Verenigde Staten van Amerika	VS
http://www.wikidata.org/entity/Q30	Verenigde Staten van Amerika	US
http://www.wikidata.org/entity/Q30	Verenigde Staten van Amerika	Verenigde Staten
http://www.wikidata.org/entity/Q28	Hongarije	HUN
http://www.wikidata.org/entity/Q29	Spanje	ESP
http://www.wikidata.org/entity/Q29	Spanje	Koninkrijk Spanje
http://www.wikidata.org/entity/Q29	Spanje	ES
http://www.wikidata.org/entity/Q233	Malta	MLT
http://www.wikidata.org/entity/Q233	Malta	MT
http://www.wikidata.org/entity/Q236	Montenegro	ME
http://www.wikidata.org/entity/Q236	Montenegro	MNE
http://www.wikidata.org/entity/Q241	Cuba	CU
http://www.wikidata.org/entity/Q34020	Niue	NiuÄ“
http://www.wikidata.org/entity/Q44826	Tarsis	Tarshish
http://www.wikidata.org/entity/Q668	India	Bharat
http://www.wikidata.org/entity/Q668	India	Bharatvarsh
http://www.wikidata.org/entity/Q668	India	Hindustan
http://www.wikidata.org/entity/Q668	India	IN
http://www.wikidata.org/entity/Q668	India	IND
http://www.wikidata.org/entity/Q668	India	Republiek India
http://www.wikidata.org/entity/Q734	Guyana	GUY
http://www.wikidata.org/entity/Q734	Guyana	GY
http://www.wikidata.org/entity/Q733	Paraguay	PRY
http://www.wikidata.org/entity/Q733	Paraguay	PY
http://www.wikidata.org/entity/Q30	Verenigde Staten van Amerika	the States
http://www.wikidata.org/entity/Q30	Verenigde Staten van Amerika	U.S.
http://www.wikidata.org/entity/Q30	Verenigde Staten van Amerika	U.S.A.
http://www.wikidata.org/entity/Q30	Verenigde Staten van Amerika	USA
http://www.wikidata.org/entity/Q30	Verenigde Staten van Amerika	V.S.
http://www.wikidata.org/entity/Q30	Verenigde Staten van Amerika	V.S.A.
http://www.wikidata.org/entity/Q30	Verenigde Staten van Amerika	VSA
http://www.wikidata.org/entity/Q31	BelgiÃ«	be
http://www.wikidata.org/entity/Q31	BelgiÃ«	BE
http://www.wikidata.org/entity/Q31	BelgiÃ«	ðŸ‡§ðŸ‡ª
http://www.wikidata.org/entity/Q31	BelgiÃ«	BEL
http://www.wikidata.org/entity/Q31	BelgiÃ«	Belgenland
http://www.wikidata.org/entity/Q31	BelgiÃ«	Belgie
http://www.wikidata.org/entity/Q31	BelgiÃ«	Koninkrijk BelgiÃ«
http://www.wikidata.org/entity/Q33	Finland	FI
http://www.wikidata.org/entity/Q695	Palau	PLW
http://www.wikidata.org/entity/Q695	Palau	PW
http://www.wikidata.org/entity/Q697	Nauru	NR
http://www.wikidata.org/entity/Q697	Nauru	NRU
http://www.wikidata.org/entity/Q697	Nauru	Republiek Nauru
http://www.wikidata.org/entity/Q33	Finland	FIN
http://www.wikidata.org/entity/Q33	Finland	Republiek Finland
http://www.wikidata.org/entity/Q35	Denemarken	DK
http://www.wikidata.org/entity/Q35	Denemarken	DNK
http://www.wikidata.org/entity/Q702	MicronesiÃ«	FSM
http://www.wikidata.org/entity/Q702	MicronesiÃ«	Micronesia
http://www.wikidata.org/entity/Q702	MicronesiÃ«	FM
http://www.wikidata.org/entity/Q702	MicronesiÃ«	Federale Staten van MicronesiÃ«
http://www.wikidata.org/entity/Q702	MicronesiÃ«	Federated States of Micronesia
http://www.wikidata.org/entity/Q709	Marshalleilanden	MHL
http://www.wikidata.org/entity/Q709	Marshalleilanden	MH
http://www.wikidata.org/entity/Q709	Marshalleilanden	Republiek der Marshalleilanden
http://www.wikidata.org/entity/Q736	Ecuador	EC
http://www.wikidata.org/entity/Q36	Polen	PL
http://www.wikidata.org/entity/Q36	Polen	ðŸ‡µðŸ‡±
http://www.wikidata.org/entity/Q36	Polen	POL
http://www.wikidata.org/entity/Q736	Ecuador	ec
http://www.wikidata.org/entity/Q736	Ecuador	ecu
http://www.wikidata.org/entity/Q736	Ecuador	ECU
http://www.wikidata.org/entity/Q736	Ecuador	Republiek Ecuador
http://www.wikidata.org/entity/Q750	Bolivia	BO
http://www.wikidata.org/entity/Q750	Bolivia	BOL
http://www.wikidata.org/entity/Q754	Trinidad en Tobago	TT
http://www.wikidata.org/entity/Q754	Trinidad en Tobago	TTO
http://www.wikidata.org/entity/Q757	Saint Vincent en de Grenadines	VC
http://www.wikidata.org/entity/Q37	Litouwen	LTU
http://www.wikidata.org/entity/Q37	Litouwen	LT
http://www.wikidata.org/entity/Q34	Zweden	SE
http://www.wikidata.org/entity/Q34	Zweden	SWE
http://www.wikidata.org/entity/Q710	Kiribati	KI
http://www.wikidata.org/entity/Q710	Kiribati	KIR
http://www.wikidata.org/entity/Q711	MongoliÃ«	MN
http://www.wikidata.org/entity/Q711	MongoliÃ«	MNG
http://www.wikidata.org/entity/Q711	MongoliÃ«	Mongolie
http://www.wikidata.org/entity/Q38	ItaliÃ«	IT
http://www.wikidata.org/entity/Q38	ItaliÃ«	ITA
http://www.wikidata.org/entity/Q38	ItaliÃ«	Italiaanse Republiek
http://www.wikidata.org/entity/Q38	ItaliÃ«	Italie
http://www.wikidata.org/entity/Q38	ItaliÃ«	Republiek ItaliÃ«
http://www.wikidata.org/entity/Q757	Saint Vincent en de Grenadines	VCT
http://www.wikidata.org/entity/Q763	Saint Kitts en Nevis	KNA
http://www.wikidata.org/entity/Q763	Saint Kitts en Nevis	KN
http://www.wikidata.org/entity/Q763	Saint Kitts en Nevis	Sint Kitts en Nevis
http://www.wikidata.org/entity/Q763	Saint Kitts en Nevis	St Kitts en Nevis
http://www.wikidata.org/entity/Q760	Saint Lucia	LC
http://www.wikidata.org/entity/Q760	Saint Lucia	LCA
http://www.wikidata.org/entity/Q712	Fiji	FJ
http://www.wikidata.org/entity/Q712	Fiji	FJI
http://www.wikidata.org/entity/Q717	Venezuela	Bolivariaanse Republiek Venezuela
http://www.wikidata.org/entity/Q717	Venezuela	VE
http://www.wikidata.org/entity/Q717	Venezuela	VEN
http://www.wikidata.org/entity/Q717	Venezuela	Venzuela
http://www.wikidata.org/entity/Q783	Honduras	HN
http://www.wikidata.org/entity/Q783	Honduras	HND
http://www.wikidata.org/entity/Q781	Antigua en Barbuda	ATG
http://www.wikidata.org/entity/Q784	Dominica	DM
http://www.wikidata.org/entity/Q784	Dominica	DMA
http://www.wikidata.org/entity/Q784	Dominica	Gemenebest Dominica
http://www.wikidata.org/entity/Q766	Jamaica	JAM
http://www.wikidata.org/entity/Q766	Jamaica	JM
http://www.wikidata.org/entity/Q769	Grenada	GRD
http://www.wikidata.org/entity/Q769	Grenada	GD
http://www.wikidata.org/entity/Q774	Guatemala	GTM
http://www.wikidata.org/entity/Q774	Guatemala	GT
http://www.wikidata.org/entity/Q794	Iran	IRN
http://www.wikidata.org/entity/Q794	Iran	IR
http://www.wikidata.org/entity/Q792	El Salvador	Salvador
http://www.wikidata.org/entity/Q792	El Salvador	SV
http://www.wikidata.org/entity/Q792	El Salvador	Republiek El Salvador
http://www.wikidata.org/entity/Q792	El Salvador	SLV
http://www.wikidata.org/entity/Q39	Zwitserland	CH
http://www.wikidata.org/entity/Q40	Oostenrijk	AT
http://www.wikidata.org/entity/Q40	Oostenrijk	AUT
http://www.wikidata.org/entity/Q794	Iran	Islamitische Republiek Iran
http://www.wikidata.org/entity/Q796	Irak	IRQ
http://www.wikidata.org/entity/Q796	Irak	IQ
http://www.wikidata.org/entity/Q36	Polen	Republiek Polen
http://www.wikidata.org/entity/Q40	Oostenrijk	republiek Oostenrijk
http://www.wikidata.org/entity/Q41	Griekenland	GR
http://www.wikidata.org/entity/Q41	Griekenland	GRC
http://www.wikidata.org/entity/Q786	Dominicaanse Republiek	DO
http://www.wikidata.org/entity/Q786	Dominicaanse Republiek	DOM
http://www.wikidata.org/entity/Q790	HaÃ¯ti	HT
http://www.wikidata.org/entity/Q790	HaÃ¯ti	HTI
http://www.wikidata.org/entity/Q801	IsraÃ«l	IL
http://www.wikidata.org/entity/Q801	IsraÃ«l	ISR
http://www.wikidata.org/entity/Q801	IsraÃ«l	Israel
http://www.wikidata.org/entity/Q778	Bahama's	BS
http://www.wikidata.org/entity/Q778	Bahama's	BHS
http://www.wikidata.org/entity/Q781	Antigua en Barbuda	AG
http://www.wikidata.org/entity/Q781	Antigua en Barbuda	Antigua-en-Barbuda
http://www.wikidata.org/entity/Q39	Zwitserland	CHE
http://www.wikidata.org/entity/Q39	Zwitserland	Zwitsers Eedgenootschap
http://www.wikidata.org/entity/Q39	Zwitserland	Zwitserse Bondsstaat
http://www.wikidata.org/entity/Q39	Zwitserland	Zwitserse Confederatie
http://www.wikidata.org/entity/Q739	Colombia	CO
http://www.wikidata.org/entity/Q739	Colombia	COL
http://www.wikidata.org/entity/Q739	Colombia	Republiek Colombia
http://www.wikidata.org/entity/Q813	KirgiziÃ«	Kirgistan
http://www.wikidata.org/entity/Q813	KirgiziÃ«	Kirgizistan
http://www.wikidata.org/entity/Q813	KirgiziÃ«	Kirgizstan
http://www.wikidata.org/entity/Q55	Nederland	NL
http://www.wikidata.org/entity/Q55	Nederland	de Nederlanden
http://www.wikidata.org/entity/Q55	Nederland	ðŸ‡³ðŸ‡±
http://www.wikidata.org/entity/Q55	Nederland	NED
http://www.wikidata.org/entity/Q55	Nederland	nl
http://www.wikidata.org/entity/Q55	Nederland	NLD
http://www.wikidata.org/entity/Q800	Costa Rica	CRC
http://www.wikidata.org/entity/Q800	Costa Rica	CRI
http://www.wikidata.org/entity/Q96	Mexico	MX
http://www.wikidata.org/entity/Q45	Portugal	Portugese Republiek
http://www.wikidata.org/entity/Q45	Portugal	PRT
http://www.wikidata.org/entity/Q45	Portugal	PT
http://www.wikidata.org/entity/Q55	Nederland	Holland
http://www.wikidata.org/entity/Q117	Ghana	GH
http://www.wikidata.org/entity/Q117	Ghana	GHA
http://www.wikidata.org/entity/Q142	Frankrijk	Franse Republiek
http://www.wikidata.org/entity/Q77	Uruguay	URY
http://www.wikidata.org/entity/Q77	Uruguay	UY
http://www.wikidata.org/entity/Q43	Turkije	TR
http://www.wikidata.org/entity/Q43	Turkije	Republiek Turkije
http://www.wikidata.org/entity/Q43	Turkije	Republiek TÃ¼rkiye
http://www.wikidata.org/entity/Q43	Turkije	TUR
http://www.wikidata.org/entity/Q819	Laos	LA
http://www.wikidata.org/entity/Q819	Laos	LAO
http://www.wikidata.org/entity/Q837	Nepal	NP
http://www.wikidata.org/entity/Q837	Nepal	NPL
http://www.wikidata.org/entity/Q837	Nepal	Federale Democratische Republiek Nepal
http://www.wikidata.org/entity/Q842	Oman	OM
http://www.wikidata.org/entity/Q842	Oman	OMN
http://www.wikidata.org/entity/Q96	Mexico	MEX
http://www.wikidata.org/entity/Q114	Kenia	KE
http://www.wikidata.org/entity/Q805	Jemen	Republiek Jemen
http://www.wikidata.org/entity/Q805	Jemen	YE
http://www.wikidata.org/entity/Q805	Jemen	YEM
http://www.wikidata.org/entity/Q810	JordaniÃ«	JOR
http://www.wikidata.org/entity/Q822	Libanon	LB
http://www.wikidata.org/entity/Q822	Libanon	LBN
http://www.wikidata.org/entity/Q826	Malediven	MV
http://www.wikidata.org/entity/Q826	Malediven	Maldiven
http://www.wikidata.org/entity/Q826	Malediven	MDV
http://www.wikidata.org/entity/Q833	MaleisiÃ«	MYS
http://www.wikidata.org/entity/Q833	MaleisiÃ«	MY
http://www.wikidata.org/entity/Q800	Costa Rica	CR
http://www.wikidata.org/entity/Q145	Verenigd Koninkrijk	UK
http://www.wikidata.org/entity/Q114	Kenia	KEN
http://www.wikidata.org/entity/Q115	EthiopiÃ«	Ethiopie
http://www.wikidata.org/entity/Q115	EthiopiÃ«	ET
http://www.wikidata.org/entity/Q115	EthiopiÃ«	ETH
http://www.wikidata.org/entity/Q810	JordaniÃ«	JO
http://www.wikidata.org/entity/Q810	JordaniÃ«	Jordanie
http://www.wikidata.org/entity/Q811	Nicaragua	NI
http://www.wikidata.org/entity/Q811	Nicaragua	NIC
http://www.wikidata.org/entity/Q813	KirgiziÃ«	KG
http://www.wikidata.org/entity/Q813	KirgiziÃ«	KGZ
http://www.wikidata.org/entity/Q800	Costa Rica	Republiek Costa Rica
http://www.wikidata.org/entity/Q843	Pakistan	PK
http://www.wikidata.org/entity/Q843	Pakistan	PAK
http://www.wikidata.org/entity/Q846	Qatar	QA
http://www.wikidata.org/entity/Q79	Egypte	EGY
http://www.wikidata.org/entity/Q79	Egypte	EG
http://www.wikidata.org/entity/Q43	Turkije	TÃ¼rkiye
http://www.wikidata.org/entity/Q863	Tadzjikistan	TJ
http://www.wikidata.org/entity/Q863	Tadzjikistan	TJK
http://www.wikidata.org/entity/Q833	MaleisiÃ«	Maleisie
http://www.wikidata.org/entity/Q836	Myanmar	MM
http://www.wikidata.org/entity/Q836	Myanmar	MMR
http://www.wikidata.org/entity/Q836	Myanmar	Birma
http://www.wikidata.org/entity/Q854	Sri Lanka	LK
http://www.wikidata.org/entity/Q858	SyriÃ«	SYR
http://www.wikidata.org/entity/Q858	SyriÃ«	SY
http://www.wikidata.org/entity/Q858	SyriÃ«	Syrie
http://www.wikidata.org/entity/Q142	Frankrijk	FR
http://www.wikidata.org/entity/Q142	Frankrijk	FRA
http://www.wikidata.org/entity/Q159	Rusland	RU
http://www.wikidata.org/entity/Q846	Qatar	QAT
http://www.wikidata.org/entity/Q851	Saoedi-ArabiÃ«	SA
http://www.wikidata.org/entity/Q851	Saoedi-ArabiÃ«	SAU
http://www.wikidata.org/entity/Q851	Saoedi-ArabiÃ«	Saudi-ArabiÃ«
http://www.wikidata.org/entity/Q155	BraziliÃ«	BR
http://www.wikidata.org/entity/Q155	BraziliÃ«	BRA
http://www.wikidata.org/entity/Q155	BraziliÃ«	Brazilie
http://www.wikidata.org/entity/Q155	BraziliÃ«	Federale Republiek van BraziliÃ«
http://www.wikidata.org/entity/Q865	Taiwan	ðŸ‡¹ðŸ‡¼
http://www.wikidata.org/entity/Q865	Taiwan	TWN
http://www.wikidata.org/entity/Q865	Taiwan	Republiek China
http://www.wikidata.org/entity/Q865	Taiwan	TW
http://www.wikidata.org/entity/Q865	Taiwan	ROC
http://www.wikidata.org/entity/Q183	Duitsland	Bondsrepubliek
http://www.wikidata.org/entity/Q183	Duitsland	Bondsrepubliek Duitsland
http://www.wikidata.org/entity/Q183	Duitsland	DE
http://www.wikidata.org/entity/Q183	Duitsland	DEU
http://www.wikidata.org/entity/Q145	Verenigd Koninkrijk	GBR
http://www.wikidata.org/entity/Q145	Verenigd Koninkrijk	United Kingdom of England, Scotland and Wales
http://www.wikidata.org/entity/Q145	Verenigd Koninkrijk	United Kingdom of Great Britain and Northern Ireland
http://www.wikidata.org/entity/Q145	Verenigd Koninkrijk	V.K.
http://www.wikidata.org/entity/Q145	Verenigd Koninkrijk	Verenigd Koninkrijk van Groot-Brittannie en Noord-Ierland
http://www.wikidata.org/entity/Q145	Verenigd Koninkrijk	Verenigd Koninkrijk van Groot-BrittanniÃ« en Noord-Ierland
http://www.wikidata.org/entity/Q145	Verenigd Koninkrijk	Verenigd Konkrijk
http://www.wikidata.org/entity/Q145	Verenigd Koninkrijk	Verenigde Koningrijk
http://www.wikidata.org/entity/Q145	Verenigd Koninkrijk	Y Deyrnas Unedig
http://www.wikidata.org/entity/Q869	Thailand	TH
http://www.wikidata.org/entity/Q869	Thailand	THA
http://www.wikidata.org/entity/Q874	Turkmenistan	TM
http://www.wikidata.org/entity/Q874	Turkmenistan	TKM
http://www.wikidata.org/entity/Q159	Rusland	RUS
http://www.wikidata.org/entity/Q159	Rusland	Russische Federatie
http://www.wikidata.org/entity/Q878	Verenigde Arabische Emiraten	AE
http://www.wikidata.org/entity/Q878	Verenigde Arabische Emiraten	ARE
http://www.wikidata.org/entity/Q878	Verenigde Arabische Emiraten	UAE
http://www.wikidata.org/entity/Q878	Verenigde Arabische Emiraten	VAE
http://www.wikidata.org/entity/Q881	Vietnam	VN
http://www.wikidata.org/entity/Q881	Vietnam	VNM
http://www.wikidata.org/entity/Q184	Wit-Rusland	Belarus
http://www.wikidata.org/entity/Q184	Wit-Rusland	BY
http://www.wikidata.org/entity/Q184	Wit-Rusland	BLR
http://www.wikidata.org/entity/Q854	Sri Lanka	LKA
http://www.wikidata.org/entity/Q191	Estland	EE
http://www.wikidata.org/entity/Q211	Letland	LV
http://www.wikidata.org/entity/Q145	Verenigd Koninkrijk	United Kingdom
http://www.wikidata.org/entity/Q145	Verenigd Koninkrijk	GB
http://www.wikidata.org/entity/Q145	Verenigd Koninkrijk	VK
http://www.wikidata.org/entity/Q148	Volksrepubliek China	China
http://www.wikidata.org/entity/Q148	Volksrepubliek China	CHN
http://www.wikidata.org/entity/Q148	Volksrepubliek China	CN
http://www.wikidata.org/entity/Q902	Bangladesh	BGD
http://www.wikidata.org/entity/Q902	Bangladesh	BD
http://www.wikidata.org/entity/Q215	SloveniÃ«	Republiek SloveniÃ«
http://www.wikidata.org/entity/Q215	SloveniÃ«	Slovenie
http://www.wikidata.org/entity/Q184	Wit-Rusland	Republiek Belarus
http://www.wikidata.org/entity/Q191	Estland	EST
http://www.wikidata.org/entity/Q189	IJsland	ISL
http://www.wikidata.org/entity/Q189	IJsland	IS
http://www.wikidata.org/entity/Q884	Zuid-Korea	KR
http://www.wikidata.org/entity/Q916	Angola	AGO
http://www.wikidata.org/entity/Q916	Angola	AO
http://www.wikidata.org/entity/Q917	Bhutan	Bhoetan
http://www.wikidata.org/entity/Q917	Bhutan	BT
http://www.wikidata.org/entity/Q917	Bhutan	BTN
http://www.wikidata.org/entity/Q917	Bhutan	Koninkrijk Bhutan
http://www.wikidata.org/entity/Q921	Brunei	BN
http://www.wikidata.org/entity/Q921	Brunei	BRN
http://www.wikidata.org/entity/Q902	Bangladesh	Volksrepubliek Bangladesh
http://www.wikidata.org/entity/Q912	Mali	ML
http://www.wikidata.org/entity/Q912	Mali	MLI
http://www.wikidata.org/entity/Q211	Letland	LVA
http://www.wikidata.org/entity/Q213	TsjechiÃ«	CZ
http://www.wikidata.org/entity/Q214	Slowakije	SK
http://www.wikidata.org/entity/Q214	Slowakije	SVK
http://www.wikidata.org/entity/Q213	TsjechiÃ«	CZE
http://www.wikidata.org/entity/Q213	TsjechiÃ«	Tsjechie
http://www.wikidata.org/entity/Q213	TsjechiÃ«	Tsjechische Republiek
http://www.wikidata.org/entity/Q924	Tanzania	TZA
http://www.wikidata.org/entity/Q924	Tanzania	TZ
http://www.wikidata.org/entity/Q928	Filipijnen	PH
http://www.wikidata.org/entity/Q928	Filipijnen	PHL
http://www.wikidata.org/entity/Q928	Filipijnen	filippijnen
http://www.wikidata.org/entity/Q928	Filipijnen	Republiek der Filipijnen
http://www.wikidata.org/entity/Q929	Centraal-Afrikaanse Republiek	Centraal-Afrika
http://www.wikidata.org/entity/Q929	Centraal-Afrikaanse Republiek	CF
http://www.wikidata.org/entity/Q929	Centraal-Afrikaanse Republiek	CAF
http://www.wikidata.org/entity/Q929	Centraal-Afrikaanse Republiek	Centrafrika
http://www.wikidata.org/entity/Q945	Togo	TGO
http://www.wikidata.org/entity/Q244165	Republiek Artsach	NKR
http://www.wikidata.org/entity/Q945	Togo	TG
http://www.wikidata.org/entity/Q948	TunesiÃ«	TN
http://www.wikidata.org/entity/Q948	TunesiÃ«	TUN
http://www.wikidata.org/entity/Q948	TunesiÃ«	Tunesie
http://www.wikidata.org/entity/Q953	Zambia	ZM
http://www.wikidata.org/entity/Q214	Slowakije	Slovakije
http://www.wikidata.org/entity/Q215	SloveniÃ«	SI
http://www.wikidata.org/entity/Q215	SloveniÃ«	SVN
http://www.wikidata.org/entity/Q146761	Republiek Hatay	Sandjak van Alexandretta
http://www.wikidata.org/entity/Q244165	Republiek Artsach	NK
http://www.wikidata.org/entity/Q244165	Republiek Artsach	Nagorno-Karabach
http://www.wikidata.org/entity/Q907112	TransnistriÃ«	Pridnestrovie
http://www.wikidata.org/entity/Q907112	TransnistriÃ«	Pridnestrovische Moldavische Republiek
http://www.wikidata.org/entity/Q907112	TransnistriÃ«	Pridnestrovskaia Moldavskaia Respublica
http://www.wikidata.org/entity/Q907112	TransnistriÃ«	Trans-Dnjestrie
http://www.wikidata.org/entity/Q907112	TransnistriÃ«	Trans-DnjestriÃ«
http://www.wikidata.org/entity/Q907112	TransnistriÃ«	Trans-Nistrie
http://www.wikidata.org/entity/Q907112	TransnistriÃ«	Trans-NistriÃ«
http://www.wikidata.org/entity/Q907112	TransnistriÃ«	Transdnestrie
http://www.wikidata.org/entity/Q907112	TransnistriÃ«	TransdnestriÃ«
http://www.wikidata.org/entity/Q907112	TransnistriÃ«	Transdniestrie
http://www.wikidata.org/entity/Q907112	TransnistriÃ«	TransdniestriÃ«
http://www.wikidata.org/entity/Q907112	TransnistriÃ«	Transdnjestrie
http://www.wikidata.org/entity/Q907112	TransnistriÃ«	TransdnjestriÃ«
http://www.wikidata.org/entity/Q907112	TransnistriÃ«	Transnistrie
http://www.wikidata.org/entity/Q889	Afghanistan	AF
http://www.wikidata.org/entity/Q889	Afghanistan	AFG
http://www.wikidata.org/entity/Q967	Burundi	BDI
http://www.wikidata.org/entity/Q965	Burkina Faso	BF
http://www.wikidata.org/entity/Q965	Burkina Faso	BFA
http://www.wikidata.org/entity/Q962	Benin	BEN
http://www.wikidata.org/entity/Q962	Benin	BJ
http://www.wikidata.org/entity/Q962	Benin	Republiek Benin
http://www.wikidata.org/entity/Q963	Botswana	BWA
http://www.wikidata.org/entity/Q963	Botswana	BW
http://www.wikidata.org/entity/Q884	Zuid-Korea	KOR
http://www.wikidata.org/entity/Q884	Zuid-Korea	Republiek Korea
http://www.wikidata.org/entity/Q954	Zimbabwe	ZWE
http://www.wikidata.org/entity/Q954	Zimbabwe	ZW
http://www.wikidata.org/entity/Q954	Zimbabwe	Republiek Zimbabwe
http://www.wikidata.org/entity/Q953	Zambia	Republiek Zambia
http://www.wikidata.org/entity/Q953	Zambia	ZambiÃ«
http://www.wikidata.org/entity/Q953	Zambia	ZMB
http://www.wikidata.org/entity/Q967	Burundi	BI
http://www.wikidata.org/entity/Q970	Comoren	KM
http://www.wikidata.org/entity/Q970	Comoren	COM
http://www.wikidata.org/entity/Q971	Congo-Brazzaville	COG
http://www.wikidata.org/entity/Q971	Congo-Brazzaville	CG
http://www.wikidata.org/entity/Q971	Congo-Brazzaville	Republiek Congo
http://www.wikidata.org/entity/Q974	Congo-Kinshasa	DRC
http://www.wikidata.org/entity/Q974	Congo-Kinshasa	CD
http://www.wikidata.org/entity/Q986	Eritrea	ERI
http://www.wikidata.org/entity/Q986	Eritrea	ER
http://www.wikidata.org/entity/Q1000	Gabon	GAB
http://www.wikidata.org/entity/Q1000	Gabon	GA
http://www.wikidata.org/entity/Q1000	Gabon	Republiek Gabon
http://www.wikidata.org/entity/Q1005	Gambia	GM
http://www.wikidata.org/entity/Q1005	Gambia	GMB
http://www.wikidata.org/entity/Q1005	Gambia	Republiek Gambia
http://www.wikidata.org/entity/Q974	Congo-Kinshasa	COD
http://www.wikidata.org/entity/Q974	Congo-Kinshasa	Democratische Republiek Congo
http://www.wikidata.org/entity/Q974	Congo-Kinshasa	DR Congo
http://www.wikidata.org/entity/Q907234	Frans-Marokko	Frans Marokko
http://www.wikidata.org/entity/Q907234	Frans-Marokko	Frans protectoraat Marokko
http://www.wikidata.org/entity/Q907234	Frans-Marokko	Franse protectoraat over Marokko
http://www.wikidata.org/entity/Q1006	Guinee	GIN
http://www.wikidata.org/entity/Q1006	Guinee	GN
http://www.wikidata.org/entity/Q977	Djibouti	DJI
http://www.wikidata.org/entity/Q977	Djibouti	DJ
http://www.wikidata.org/entity/Q958	Zuid-Soedan	SS
http://www.wikidata.org/entity/Q958	Zuid-Soedan	SSD
http://www.wikidata.org/entity/Q1008	Ivoorkust	CIV
http://www.wikidata.org/entity/Q1008	Ivoorkust	Cote d'Ivoire
http://www.wikidata.org/entity/Q1008	Ivoorkust	CÃ´te d'Ivoire
http://www.wikidata.org/entity/Q1009	Kameroen	CM
http://www.wikidata.org/entity/Q1009	Kameroen	CMR
http://www.wikidata.org/entity/Q1011	KaapverdiÃ«	CV
http://www.wikidata.org/entity/Q1011	KaapverdiÃ«	CPV
http://www.wikidata.org/entity/Q1011	KaapverdiÃ«	Kaap Verdie
http://www.wikidata.org/entity/Q1011	KaapverdiÃ«	Kaapverdie
http://www.wikidata.org/entity/Q1011	KaapverdiÃ«	Kaapverdische eilanden
http://www.wikidata.org/entity/Q1011	KaapverdiÃ«	Republiek KaapverdiÃ«
http://www.wikidata.org/entity/Q1013	Lesotho	LS
http://www.wikidata.org/entity/Q1007	Guinee-Bissau	GNB
http://www.wikidata.org/entity/Q1007	Guinee-Bissau	GW
http://www.wikidata.org/entity/Q1008	Ivoorkust	CI
http://www.wikidata.org/entity/Q1014	Liberia	LBR
http://www.wikidata.org/entity/Q1014	Liberia	LR
http://www.wikidata.org/entity/Q1013	Lesotho	LSO
http://www.wikidata.org/entity/Q1016	LibiÃ«	LBY
http://www.wikidata.org/entity/Q2396442	Koninkrijk GaliciÃ« en LodomeriÃ«	Koninkrijk Galicie en Lodomerie
http://www.wikidata.org/entity/Q1019	Madagaskar	MG
http://www.wikidata.org/entity/Q1019	Madagaskar	MDG
http://www.wikidata.org/entity/Q1016	LibiÃ«	Libie
http://www.wikidata.org/entity/Q1016	LibiÃ«	LY
http://www.wikidata.org/entity/Q1020	Malawi	MW
http://www.wikidata.org/entity/Q1020	Malawi	MWI
http://www.wikidata.org/entity/Q1025	MauritaniÃ«	MR
http://www.wikidata.org/entity/Q1025	MauritaniÃ«	Mauretanie
http://www.wikidata.org/entity/Q1025	MauritaniÃ«	MRT
http://www.wikidata.org/entity/Q1028	Marokko	MAR
http://www.wikidata.org/entity/Q1028	Marokko	MA
http://www.wikidata.org/entity/Q1029	Mozambique	MZ
http://www.wikidata.org/entity/Q1030	NamibiÃ«	NAM
http://www.wikidata.org/entity/Q1030	NamibiÃ«	NA
http://www.wikidata.org/entity/Q1030	NamibiÃ«	Namibie
http://www.wikidata.org/entity/Q1029	Mozambique	MOZ
http://www.wikidata.org/entity/Q1030	NamibiÃ«	Republiek NamibiÃ«
http://www.wikidata.org/entity/Q1032	Niger	NER
http://www.wikidata.org/entity/Q1032	Niger	NE
http://www.wikidata.org/entity/Q1033	Nigeria	NG
http://www.wikidata.org/entity/Q1033	Nigeria	NGA
http://www.wikidata.org/entity/Q1036	Oeganda	Uganda
http://www.wikidata.org/entity/Q1036	Oeganda	UG
http://www.wikidata.org/entity/Q1036	Oeganda	ðŸ‡ºðŸ‡¬
http://www.wikidata.org/entity/Q1036	Oeganda	Republiek Oeganda
http://www.wikidata.org/entity/Q1037	Rwanda	RWA
http://www.wikidata.org/entity/Q1037	Rwanda	RW
http://www.wikidata.org/entity/Q1039	Sao TomÃ© en Principe	ST
http://www.wikidata.org/entity/Q1039	Sao TomÃ© en Principe	Sao Tome en Principe
http://www.wikidata.org/entity/Q1039	Sao TomÃ© en Principe	STP
http://www.wikidata.org/entity/Q1044	Sierra Leone	SL
http://www.wikidata.org/entity/Q1044	Sierra Leone	SLE
http://www.wikidata.org/entity/Q1045	SomaliÃ«	SOM
http://www.wikidata.org/entity/Q1045	SomaliÃ«	SO
http://www.wikidata.org/entity/Q1045	SomaliÃ«	Somalia
http://www.wikidata.org/entity/Q1045	SomaliÃ«	Federale Republiek SomaliÃ«
http://www.wikidata.org/entity/Q1045	SomaliÃ«	Republiek SomaliÃ«
http://www.wikidata.org/entity/Q1042	Seychellen	SC
http://www.wikidata.org/entity/Q1042	Seychellen	SYC
http://www.wikidata.org/entity/Q1041	Senegal	SN
http://www.wikidata.org/entity/Q1041	Senegal	SEN
http://www.wikidata.org/entity/Q1049	Soedan	SD
http://www.wikidata.org/entity/Q1049	Soedan	SDN
http://www.wikidata.org/entity/Q1049	Soedan	Sudan
http://www.wikidata.org/entity/Q1246	Kosovo	XK
http://www.wikidata.org/entity/Q1246	Kosovo	XKX
http://www.wikidata.org/entity/Q1246	Kosovo	Republiek Kosovo
http://www.wikidata.org/entity/Q3908	GaliciÃ«	Galicie
http://www.wikidata.org/entity/Q5705	CataloniÃ«	Catalonie
http://www.wikidata.org/entity/Q16644	Noordelijke Marianen	MP
http://www.wikidata.org/entity/Q16644	Noordelijke Marianen	MNP
http://www.wikidata.org/entity/Q19083	Kaukasisch IberiÃ«	IberiÃ«
http://www.wikidata.org/entity/Q19083	Kaukasisch IberiÃ«	Kaukasisch Iberia
http://www.wikidata.org/entity/Q19083	Kaukasisch IberiÃ«	Kaukasisch Iberie
http://www.wikidata.org/entity/Q21203	Aruba	AW
http://www.wikidata.org/entity/Q26988	Cookeilanden	COK
http://www.wikidata.org/entity/Q26988	Cookeilanden	CK
http://www.wikidata.org/entity/Q26988	Cookeilanden	Cook Eilanden
http://www.wikidata.org/entity/Q26988	Cookeilanden	Cook Islands
http://www.wikidata.org/entity/Q29999	Koninkrijk der Nederlanden	Nederland
http://www.wikidata.org/entity/Q29999	Koninkrijk der Nederlanden	NL
http://www.wikidata.org/entity/Q29999	Koninkrijk der Nederlanden	NED
http://www.wikidata.org/entity/Q21203	Aruba	ABW
http://www.wikidata.org/entity/Q26273	Sint Maarten	SX
http://www.wikidata.org/entity/Q26273	Sint Maarten	Sint-Maarten
http://www.wikidata.org/entity/Q26273	Sint Maarten	Eilandgebied sint maarten
http://www.wikidata.org/entity/Q26273	Sint Maarten	SXM
http://www.wikidata.org/entity/Q205718	Ziriden	
http://www.wikidata.org/entity/Q703695	Q703695	
http://www.wikidata.org/entity/Q756617	Koninkrijk Denemarken	
http://www.wikidata.org/entity/Q1063498	Verenigde Staten van de Ionische Eilanden	
http://www.wikidata.org/entity/Q1147441	Brits Noord-Borneo	
http://www.wikidata.org/entity/Q1322662	Vorstendom Tsjernigov	
http://www.wikidata.org/entity/Q1415162	Gardariki	
http://www.wikidata.org/entity/Q1760729	Alashia	
http://www.wikidata.org/entity/Q2576045	Q2576045	
http://www.wikidata.org/entity/Q2578028	misl	
http://www.wikidata.org/entity/Q2988343	Q2988343	
http://www.wikidata.org/entity/Q3780537	Q3780537	
http://www.wikidata.org/entity/Q18589761	Q18589761	
http://www.wikidata.org/entity/Q20886709	Q20886709	
http://www.wikidata.org/entity/Q28846511	Q28846511	
http://www.wikidata.org/entity/Q114318415	Q114318415	
http://www.wikidata.org/entity/Q115166787	Q115166787	
http://www.wikidata.org/entity/Q120088504	Q120088504	
http://www.wikidata.org/entity/Q22	Schotland	
http://www.wikidata.org/entity/Q21	Engeland	
http://www.wikidata.org/entity/Q26	Noord-Ierland	
http://www.wikidata.org/entity/Q25	Wales	
